Price,Adj Close,Close,High,Low,Open,Volume
Ticker,EURINR=X,EURINR=X,EURINR=X,EURINR=X,EURINR=X,EURINR=X
Date,,,,,,
2023-01-02 00:00:00+00:00,88.48200225830078,88.48200225830078,88.4000015258789,87.15769958496094,87.15769958496094,0
2023-01-03 00:00:00+00:00,88.30000305175781,88.30000305175781,88.31300354003906,87.22599792480469,88.29199981689453,0
2023-01-04 00:00:00+00:00,87.21900177001953,87.21900177001953,87.9229965209961,87.21900177001953,87.21900177001953,0
2023-01-05 00:00:00+00:00,87.6050033569336,87.6050033569336,87.80799865722656,86.75700378417969,87.58000183105469,0
2023-01-06 00:00:00+00:00,86.8270034790039,86.8270034790039,87.61499786376953,86.64700317382812,86.81900024414062,0
2023-01-09 00:00:00+00:00,87.5009994506836,87.5009994506836,88.28500366210938,85.69190216064453,85.69190216064453,0
2023-01-10 00:00:00+00:00,88.1240005493164,88.1240005493164,88.24700164794922,87.44599914550781,88.10700225830078,0
2023-01-11 00:00:00+00:00,87.58200073242188,87.58200073242188,87.93599700927734,87.41200256347656,87.5739974975586,0
2023-01-12 00:00:00+00:00,87.80500030517578,87.80500030517578,88.14399719238281,87.37799835205078,87.78099822998047,0
2023-01-13 00:00:00+00:00,88.01100158691406,88.01100158691406,88.30400085449219,87.72699737548828,88.00299835205078,0
2023-01-16 00:00:00+00:00,87.9520034790039,87.9520034790039,88.34400177001953,86.9448013305664,86.9448013305664,0
2023-01-17 00:00:00+00:00,88.35299682617188,88.35299682617188,88.61599731445312,87.94599914550781,88.35299682617188,0
2023-01-18 00:00:00+00:00,88.00399780273438,88.00399780273438,88.27300262451172,87.81199645996094,87.98400115966797,0
2023-01-19 00:00:00+00:00,87.86399841308594,87.86399841308594,88.06300354003906,87.58300018310547,87.86000061035156,0
2023-01-20 00:00:00+00:00,87.93699645996094,87.93699645996094,88.02999877929688,87.60099792480469,87.93299865722656,0
2023-01-23 00:00:00+00:00,87.86199951171875,87.86199951171875,88.8010025024414,86.85130310058594,86.85130310058594,0
2023-01-24 00:00:00+00:00,88.54100036621094,88.54100036621094,88.76200103759766,88.41799926757812,88.52200317382812,0
2023-01-25 00:00:00+00:00,88.76799774169922,88.76799774169922,89.08000183105469,88.49099731445312,88.79299926757812,0
2023-01-26 00:00:00+00:00,88.95500183105469,88.95500183105469,88.99299621582031,88.36499786376953,88.93800354003906,0
2023-01-27 00:00:00+00:00,88.64199829101562,88.64199829101562,88.76000213623047,88.3239974975586,88.66300201416016,0
2023-01-30 00:00:00+00:00,88.51899719238281,88.51899719238281,88.86599731445312,87.68119812011719,87.68119812011719,0
2023-01-31 00:00:00+00:00,88.375,88.375,88.75499725341797,88.37200164794922,88.37200164794922,0
2023-02-01 00:00:00+00:00,88.73600006103516,88.73600006103516,89.23300170898438,88.6500015258789,88.72100067138672,0
2023-02-02 00:00:00+00:00,89.9469985961914,89.9469985961914,90.36100006103516,89.38600158691406,89.95999908447266,0
2023-02-03 00:00:00+00:00,89.39099884033203,89.39099884033203,89.62699890136719,88.7979965209961,89.38300323486328,0
2023-02-06 00:00:00+00:00,88.69000244140625,88.69000244140625,89.0999984741211,88.43199920654297,88.43199920654297,0
2023-02-07 00:00:00+00:00,88.7040023803711,88.7040023803711,88.79000091552734,88.33200073242188,88.68599700927734,0
2023-02-08 00:00:00+00:00,88.83100128173828,88.83100128173828,88.87300109863281,88.4280014038086,88.84400177001953,0
2023-02-09 00:00:00+00:00,88.49800109863281,88.49800109863281,88.93099975585938,88.45700073242188,88.48999786376953,0
2023-02-10 00:00:00+00:00,88.56300354003906,88.56300354003906,88.58000183105469,87.93099975585938,88.55400085449219,0
2023-02-13 00:00:00+00:00,88.0260009765625,88.0260009765625,88.54100036621094,87.2781982421875,87.2781982421875,0
2023-02-14 00:00:00+00:00,88.5469970703125,88.5469970703125,89.29900360107422,88.52200317382812,88.56300354003906,0
2023-02-15 00:00:00+00:00,88.92900085449219,88.92900085449219,88.99600219726562,88.27400207519531,88.92900085449219,0
2023-02-16 00:00:00+00:00,88.40399932861328,88.40399932861328,88.55000305175781,88.15699768066406,88.4209976196289,0
2023-02-17 00:00:00+00:00,88.13200378417969,88.13200378417969,88.30400085449219,87.82499694824219,88.11100006103516,0
2023-02-20 00:00:00+00:00,88.43299865722656,88.43299865722656,88.41500091552734,86.98560333251953,86.98660278320312,0
2023-02-21 00:00:00+00:00,88.25700378417969,88.25700378417969,88.45999908447266,88.052001953125,88.2509994506836,0
2023-02-22 00:00:00+00:00,88.18499755859375,88.18499755859375,88.2760009765625,87.86199951171875,88.1760025024414,0
2023-02-23 00:00:00+00:00,87.7750015258789,87.7750015258789,87.88600158691406,87.32499694824219,87.79100036621094,0
2023-02-24 00:00:00+00:00,87.48600006103516,87.48600006103516,87.65499877929688,87.2509994506836,87.47799682617188,0
2023-02-27 00:00:00+00:00,87.37000274658203,87.37000274658203,87.66500091552734,86.54920196533203,86.54920196533203,0
2023-02-28 00:00:00+00:00,87.60600280761719,87.60600280761719,87.8239974975586,87.43299865722656,87.61399841308594,0
2023-03-01 00:00:00+00:00,87.34100341796875,87.34100341796875,88.05500030517578,87.2030029296875,87.32499694824219,0
2023-03-02 00:00:00+00:00,87.85399627685547,87.85399627685547,88.0,87.24099731445312,87.83699798583984,0
2023-03-03 00:00:00+00:00,87.21600341796875,87.21600341796875,87.35299682617188,86.53800201416016,87.21600341796875,0
2023-03-06 00:00:00+00:00,86.81600189208984,86.81600189208984,87.39299774169922,85.97209930419922,85.97209930419922,0
2023-03-07 00:00:00+00:00,87.3479995727539,87.3479995727539,87.43599700927734,86.47699737548828,87.33899688720703,0
2023-03-08 00:00:00+00:00,86.44000244140625,86.44000244140625,86.61599731445312,86.17900085449219,86.447998046875,0
2023-03-09 00:00:00+00:00,86.38300323486328,86.38300323486328,86.7750015258789,86.22000122070312,86.38300323486328,0
2023-03-10 00:00:00+00:00,86.73500061035156,86.73500061035156,87.53500366210938,86.71800231933594,86.75199890136719,0
2023-03-13 00:00:00+00:00,87.1259994506836,87.1259994506836,88.16100311279297,85.84860229492188,85.84860229492188,0
2023-03-14 00:00:00+00:00,88.13800048828125,88.13800048828125,88.48600006103516,87.91000366210938,88.12999725341797,0
2023-03-15 00:00:00+00:00,88.16899871826172,88.16899871826172,88.53900146484375,87.06400299072266,88.16000366210938,0
2023-03-16 00:00:00+00:00,87.66500091552734,87.66500091552734,87.83200073242188,87.35900115966797,87.62000274658203,0
2023-03-17 00:00:00+00:00,87.61599731445312,87.61599731445312,87.9749984741211,87.59300231933594,87.61599731445312,0
2023-03-20 00:00:00+00:00,87.94200134277344,87.94200134277344,88.48500061035156,86.78700256347656,86.78700256347656,0
2023-03-21 00:00:00+00:00,88.36799621582031,88.36799621582031,89.08300018310547,88.33499908447266,88.36799621582031,0
2023-03-22 00:00:00+00:00,88.99600219726562,88.99600219726562,89.15699768066406,88.88300323486328,88.98799896240234,0
2023-03-23 00:00:00+00:00,89.625,89.625,89.74500274658203,89.27999877929688,89.61599731445312,0
2023-03-24 00:00:00+00:00,89.0459976196289,89.0459976196289,89.05599975585938,88.30899810791016,89.03800201416016,0
2023-03-27 00:00:00+00:00,88.5260009765625,88.5260009765625,88.77100372314453,88.4729995727539,88.52999877929688,0
2023-03-28 00:00:00+00:00,88.75399780273438,88.75399780273438,89.02999877929688,88.69000244140625,88.74500274658203,0
2023-03-29 00:00:00+00:00,88.98200225830078,88.98200225830078,89.36000061035156,88.90799713134766,89.01899719238281,0
2023-03-30 00:00:00+00:00,89.05500030517578,89.05500030517578,89.59600067138672,88.90699768066406,89.03900146484375,0
2023-03-31 00:00:00+00:00,89.44200134277344,89.44200134277344,89.60900115966797,89.12300109863281,89.45800018310547,0
2023-04-03 00:00:00+00:00,89.0260009765625,89.0260009765625,89.66600036621094,88.85700225830078,88.87100219726562,0
2023-04-04 00:00:00+00:00,89.59700012207031,89.59700012207031,90.01100158691406,89.39299774169922,89.59700012207031,0
2023-04-05 00:00:00+00:00,89.89600372314453,89.89600372314453,89.99099731445312,89.29299926757812,89.88800048828125,0
2023-04-06 00:00:00+00:00,89.27799987792969,89.27799987792969,89.38200378417969,89.08499908447266,89.27799987792969,0
2023-04-07 00:00:00+00:00,89.30500030517578,89.30500030517578,89.31500244140625,88.29000091552734,89.30500030517578,0
2023-04-10 00:00:00+00:00,89.30599975585938,89.30599975585938,89.30599975585938,88.28900146484375,89.30599975585938,0
2023-04-11 00:00:00+00:00,88.31700134277344,88.31700134277344,89.62899780273438,88.31700134277344,88.31700134277344,0
2023-04-12 00:00:00+00:00,89.51599884033203,89.51599884033203,90.10099792480469,89.4990005493164,89.50800323486328,0
2023-04-13 00:00:00+00:00,90.05999755859375,90.05999755859375,90.29299926757812,89.9260025024414,90.04299926757812,0
2023-04-14 00:00:00+00:00,90.18699645996094,90.18699645996094,90.38700103759766,89.8219985961914,90.16300201416016,0
2023-04-17 00:00:00+00:00,89.90799713134766,89.90799713134766,90.02400207519531,89.39299774169922,89.95800018310547,0
2023-04-18 00:00:00+00:00,89.51100158691406,89.51100158691406,90.01100158691406,89.46299743652344,89.51799774169922,0
2023-04-19 00:00:00+00:00,90.02999877929688,90.02999877929688,90.1050033569336,89.72799682617188,90.0469970703125,0
2023-04-20 00:00:00+00:00,90.0979995727539,90.0979995727539,90.14199829101562,89.78399658203125,90.0999984741211,0
2023-04-21 00:00:00+00:00,90.01100158691406,90.01100158691406,90.13200378417969,89.7750015258789,90.01100158691406,0
2023-04-24 00:00:00+00:00,90.08999633789062,90.08999633789062,90.33300018310547,89.06890106201172,89.06890106201172,0
2023-04-25 00:00:00+00:00,90.5199966430664,90.5199966430664,90.61699676513672,89.89099884033203,90.5199966430664,0
2023-04-26 00:00:00+00:00,89.93699645996094,89.93699645996094,90.61900329589844,89.86100006103516,89.93699645996094,0
2023-04-27 00:00:00+00:00,90.22799682617188,90.22799682617188,90.3280029296875,89.88899993896484,90.22000122070312,0
2023-04-28 00:00:00+00:00,90.11900329589844,90.11900329589844,90.24600219726562,89.58100128173828,90.1259994506836,0
2023-05-01 00:00:00+00:00,89.97699737548828,89.97699737548828,88.85299682617188,88.85299682617188,88.85299682617188,0
2023-05-02 00:00:00+00:00,88.85299682617188,88.85299682617188,90.01899719238281,88.85299682617188,88.85299682617188,0
2023-05-03 00:00:00+00:00,89.9489974975586,89.9489974975586,90.33599853515625,89.91600036621094,89.96499633789062,0
2023-05-04 00:00:00+00:00,90.4540023803711,90.4540023803711,90.58499908447266,89.77400207519531,90.44200134277344,0
2023-05-05 00:00:00+00:00,89.99600219726562,89.99600219726562,90.18900299072266,89.64299774169922,89.98699951171875,0
2023-05-08 00:00:00+00:00,89.97200012207031,89.97200012207031,90.3030014038086,89.0479965209961,89.0479965209961,0
2023-05-09 00:00:00+00:00,89.84500122070312,89.84500122070312,90.14800262451172,89.78800201416016,89.85600280761719,0
2023-05-10 00:00:00+00:00,89.94000244140625,89.94000244140625,90.06099700927734,89.6760025024414,89.95600128173828,0
2023-05-11 00:00:00+00:00,89.90399932861328,89.90399932861328,90.00700378417969,89.44999694824219,89.9010009765625,0
2023-05-12 00:00:00+00:00,89.51300048828125,89.51300048828125,89.75199890136719,89.14900207519531,89.52400207519531,0
2023-05-15 00:00:00+00:00,89.0979995727539,89.0979995727539,89.5199966430664,88.63099670410156,88.63099670410156,0
2023-05-16 00:00:00+00:00,89.36799621582031,89.36799621582031,89.56400299072266,89.26000213623047,89.38500213623047,0
2023-05-17 00:00:00+00:00,89.33000183105469,89.33000183105469,89.43399810791016,89.02300262451172,89.34600067138672,0
2023-05-18 00:00:00+00:00,89.27899932861328,89.27899932861328,89.34500122070312,88.99600219726562,89.23600006103516,0
2023-05-19 00:00:00+00:00,89.05599975585938,89.05599975585938,89.62899780273438,88.94000244140625,89.06500244140625,0
2023-05-22 00:00:00+00:00,89.49800109863281,89.49800109863281,89.64600372314453,88.23419952392578,88.23419952392578,0
2023-05-23 00:00:00+00:00,89.4469985961914,89.4469985961914,89.54499816894531,89.09400177001953,89.46600341796875,0
2023-05-24 00:00:00+00:00,89.125,89.125,89.2229995727539,88.81800079345703,89.13300323486328,0
2023-05-25 00:00:00+00:00,88.83799743652344,88.83799743652344,88.8290023803711,88.58100128173828,88.8290023803711,0
2023-05-26 00:00:00+00:00,88.6510009765625,88.6510009765625,88.81099700927734,88.32599639892578,88.6510009765625,0
2023-05-29 00:00:00+00:00,87.76010131835938,87.76010131835938,88.64800262451172,87.76010131835938,87.76010131835938,0
2023-05-30 00:00:00+00:00,88.3740005493164,88.3740005493164,88.74500274658203,88.2509994506836,88.3740005493164,0
2023-05-31 00:00:00+00:00,88.66600036621094,88.66600036621094,88.67400360107422,88.00399780273438,88.65699768066406,0
2023-06-01 00:00:00+00:00,88.322998046875,88.322998046875,88.43900299072266,87.88500213623047,88.31600189208984,0
2023-06-02 00:00:00+00:00,88.44999694824219,88.44999694824219,88.63099670410156,88.1969985961914,88.46600341796875,0
2023-06-05 00:00:00+00:00,88.13500213623047,88.13500213623047,88.4260025024414,87.58679962158203,87.58679962158203,0
2023-06-06 00:00:00+00:00,88.2979965209961,88.2979965209961,88.60399627685547,88.03299713134766,88.30599975585938,0
2023-06-07 00:00:00+00:00,88.19000244140625,88.19000244140625,88.5199966430664,87.98400115966797,88.20700073242188,0
2023-06-08 00:00:00+00:00,88.37899780273438,88.37899780273438,88.88800048828125,88.2699966430664,88.38700103759766,0
2023-06-09 00:00:00+00:00,88.9000015258789,88.9000015258789,88.91200256347656,88.51599884033203,88.88800048828125,0
2023-06-12 00:00:00+00:00,88.54000091552734,88.54000091552734,88.86399841308594,87.73269653320312,87.73269653320312,0
2023-06-13 00:00:00+00:00,88.62300109863281,88.62300109863281,88.97799682617188,88.5989990234375,88.61900329589844,0
2023-06-14 00:00:00+00:00,88.65299987792969,88.65299987792969,88.9219970703125,88.49800109863281,88.64900207519531,0
2023-06-15 00:00:00+00:00,88.88099670410156,88.88099670410156,89.56500244140625,88.69400024414062,88.87300109863281,0
2023-06-16 00:00:00+00:00,89.58699798583984,89.58699798583984,89.7699966430664,89.38500213623047,89.5780029296875,0
2023-06-19 00:00:00+00:00,89.55899810791016,89.55899810791016,89.61699676513672,88.61060333251953,88.61060333251953,0
2023-06-20 00:00:00+00:00,89.40399932861328,89.40399932861328,89.7699966430664,89.30500030517578,89.39600372314453,0
2023-06-21 00:00:00+00:00,89.45500183105469,89.45500183105469,89.80799865722656,89.38999938964844,89.4469985961914,0
2023-06-22 00:00:00+00:00,89.98899841308594,89.98899841308594,90.16999816894531,89.65499877929688,89.96399688720703,0
2023-06-23 00:00:00+00:00,89.7229995727539,89.7229995727539,89.72699737548828,88.8949966430664,89.7030029296875,0
2023-06-26 00:00:00+00:00,89.2249984741211,89.2249984741211,89.50299835205078,88.0905990600586,88.09159851074219,0
2023-06-27 00:00:00+00:00,89.38099670410156,89.38099670410156,89.89700317382812,89.33799743652344,89.36900329589844,0
2023-06-28 00:00:00+00:00,89.77899932861328,89.77899932861328,89.85299682617188,89.3479995727539,89.7750015258789,0
2023-06-29 00:00:00+00:00,89.4800033569336,89.4800033569336,89.65699768066406,89.0999984741211,89.46399688720703,0
2023-06-30 00:00:00+00:00,89.10299682617188,89.10299682617188,89.58699798583984,88.84300231933594,89.12699890136719,0
2023-07-03 00:00:00+00:00,88.01300048828125,88.01300048828125,89.47799682617188,88.01200103759766,88.01300048828125,0
2023-07-04 00:00:00+00:00,89.35199737548828,89.35199737548828,89.38099670410156,89.21600341796875,89.33599853515625,0
2023-07-05 00:00:00+00:00,89.1240005493164,89.1240005493164,89.58399963378906,89.08300018310547,89.14399719238281,0
2023-07-06 00:00:00+00:00,89.35900115966797,89.35900115966797,89.9540023803711,89.19100189208984,89.36699676513672,0
2023-07-07 00:00:00+00:00,90.06900024414062,90.06900024414062,90.51799774169922,89.84700012207031,90.04399871826172,0
2023-07-10 00:00:00+00:00,89.14900207519531,89.14900207519531,90.71499633789062,89.14900207519531,89.14900207519531,0
2023-07-11 00:00:00+00:00,90.74700164794922,90.74700164794922,90.81800079345703,90.4219970703125,90.73100280761719,0
2023-07-12 00:00:00+00:00,90.67500305175781,90.67500305175781,91.17500305175781,90.5530014038086,90.65899658203125,0
2023-07-13 00:00:00+00:00,91.23899841308594,91.23899841308594,91.8239974975586,91.2490005493164,91.2969970703125,0
2023-07-14 00:00:00+00:00,92.00499725341797,92.00499725341797,92.3010025024414,91.9229965209961,92.02100372314453,0
2023-07-17 00:00:00+00:00,92.08399963378906,92.08399963378906,92.26499938964844,91.14469909667969,92.08399963378906,0
2023-07-18 00:00:00+00:00,92.13300323486328,92.13300323486328,92.37699890136719,91.98200225830078,92.1240005493164,0
2023-07-19 00:00:00+00:00,92.06400299072266,92.06400299072266,92.2040023803711,91.62000274658203,92.07099914550781,0
2023-07-20 00:00:00+00:00,91.8550033569336,91.8550033569336,92.0530014038086,91.28399658203125,91.87100219726562,0
2023-07-21 00:00:00+00:00,91.31500244140625,91.31500244140625,91.36199951171875,91.06400299072266,91.29100036621094,0
2023-07-24 00:00:00+00:00,90.22209930419922,90.22209930419922,91.1780014038086,90.22209930419922,90.22209930419922,0
2023-07-25 00:00:00+00:00,90.43099975585938,90.43099975585938,90.60199737548828,90.17400360107422,90.4469985961914,0
2023-07-26 00:00:00+00:00,90.37000274658203,90.37000274658203,90.83300018310547,90.2959976196289,90.37799835205078,0
2023-07-27 00:00:00+00:00,90.70999908447266,90.70999908447266,91.26899719238281,90.0780029296875,90.71800231933594,0
2023-07-28 00:00:00+00:00,90.12899780273438,90.12899780273438,90.76100158691406,90.01599884033203,90.1259994506836,0
2023-07-31 00:00:00+00:00,89.38999938964844,89.38999938964844,90.78399658203125,89.38999938964844,89.38999938964844,0
2023-08-01 00:00:00+00:00,90.3550033569336,90.3550033569336,90.43499755859375,90.08399963378906,90.35700225830078,0
2023-08-02 00:00:00+00:00,90.5260009765625,90.5260009765625,90.70800018310547,90.33499908447266,90.50299835205078,0
2023-08-03 00:00:00+00:00,90.39299774169922,90.39299774169922,90.6520004272461,90.2300033569336,90.4520034790039,0
2023-08-04 00:00:00+00:00,90.57499694824219,90.57499694824219,91.23200225830078,90.49600219726562,90.5790023803711,0
2023-08-07 00:00:00+00:00,89.61599731445312,89.61599731445312,91.02100372314453,89.61599731445312,89.61599731445312,0
2023-08-08 00:00:00+00:00,90.96600341796875,90.96600341796875,91.0739974975586,90.53099822998047,91.03399658203125,0
2023-08-09 00:00:00+00:00,90.66699981689453,90.66699981689453,91.02799987792969,90.66699981689453,90.66699981689453,0
2023-08-10 00:00:00+00:00,90.88500213623047,90.88500213623047,91.28099822998047,90.78099822998047,90.8759994506836,0
2023-08-11 00:00:00+00:00,90.875,90.875,91.0199966430664,90.66200256347656,90.87000274658203,0
2023-08-14 00:00:00+00:00,90.08609771728516,90.08609771728516,90.9540023803711,90.08609771728516,90.08609771728516,0
2023-08-15 00:00:00+00:00,90.64600372314453,90.64600372314453,91.14299774169922,90.60900115966797,90.68499755859375,0
2023-08-16 00:00:00+00:00,90.64299774169922,90.64299774169922,92.51399993896484,90.55599975585938,90.63500213623047,0
2023-08-17 00:00:00+00:00,90.49099731445312,90.49099731445312,90.5719985961914,90.11000061035156,90.49099731445312,0
2023-08-18 00:00:00+00:00,90.30599975585938,90.30599975585938,90.3499984741211,90.30599975585938,90.30599975585938,0
2023-08-21 00:00:00+00:00,90.30500030517578,90.30500030517578,90.60800170898438,89.31900024414062,89.31900024414062,0
2023-08-22 00:00:00+00:00,90.4800033569336,90.4800033569336,90.6989974975586,89.86299896240234,90.49299621582031,0
2023-08-23 00:00:00+00:00,90.03199768066406,90.03199768066406,90.08399963378906,89.24299621582031,90.04299926757812,0
2023-08-24 00:00:00+00:00,89.59700012207031,89.59700012207031,89.68099975585938,89.28900146484375,89.60299682617188,0
2023-08-25 00:00:00+00:00,89.16200256347656,89.16200256347656,89.40599822998047,88.94499969482422,89.16999816894531,0
2023-08-28 00:00:00+00:00,89.0260009765625,89.0260009765625,89.33999633789062,88.3125,88.3125,0
2023-08-29 00:00:00+00:00,89.43699645996094,89.43699645996094,89.5979995727539,89.17900085449219,89.447998046875,0
2023-08-30 00:00:00+00:00,89.59500122070312,89.59500122070312,90.31600189208984,89.57499694824219,89.60299682617188,0
2023-08-31 00:00:00+00:00,90.31999969482422,90.31999969482422,90.3290023803711,89.54000091552734,90.31099700927734,0
2023-09-01 00:00:00+00:00,89.55400085449219,89.55400085449219,89.81800079345703,89.11799621582031,89.552001953125,0
2023-09-04 00:00:00+00:00,88.75070190429688,88.75070190429688,89.30000305175781,88.75070190429688,88.75070190429688,0
2023-09-05 00:00:00+00:00,89.22200012207031,89.22200012207031,89.31300354003906,88.87000274658203,89.22100067138672,0
2023-09-06 00:00:00+00:00,89.03700256347656,89.03700256347656,89.2699966430664,88.90499877929688,89.04100036621094,0
2023-09-07 00:00:00+00:00,89.17900085449219,89.17900085449219,89.25900268554688,88.8499984741211,89.17900085449219,0
2023-09-08 00:00:00+00:00,88.85800170898438,88.85800170898438,89.1240005493164,88.6760025024414,88.85800170898438,0
2023-09-11 00:00:00+00:00,87.8093032836914,87.8093032836914,89.09300231933594,87.8093032836914,87.8093032836914,0
2023-09-12 00:00:00+00:00,89.09100341796875,89.09100341796875,89.15599822998047,88.68900299072266,89.06500244140625,0
2023-09-13 00:00:00+00:00,89.00700378417969,89.00700378417969,89.16200256347656,88.87300109863281,89.01499938964844,0
2023-09-14 00:00:00+00:00,88.97100067138672,88.97100067138672,89.0989990234375,88.39299774169922,88.95999908447266,0
2023-09-15 00:00:00+00:00,88.22799682617188,88.22799682617188,88.71299743652344,88.21700286865234,88.21700286865234,0
2023-09-18 00:00:00+00:00,88.50399780273438,88.50399780273438,88.98799896240234,87.46379852294922,87.46379852294922,0
2023-09-19 00:00:00+00:00,88.96299743652344,88.96299743652344,89.09400177001953,88.83699798583984,88.93800354003906,0
2023-09-20 00:00:00+00:00,88.79100036621094,88.79100036621094,88.93299865722656,88.71399688720703,88.7959976196289,0
2023-09-21 00:00:00+00:00,88.41799926757812,88.41799926757812,88.63300323486328,88.18599700927734,88.38200378417969,0
2023-09-22 00:00:00+00:00,88.2770004272461,88.2770004272461,88.41000366210938,87.9209976196289,88.27899932861328,0
2023-09-25 00:00:00+00:00,88.375,88.375,88.5199966430664,87.17859649658203,87.17859649658203,0
2023-09-26 00:00:00+00:00,87.86199951171875,87.86199951171875,88.25,87.85099792480469,87.87000274658203,0
2023-09-27 00:00:00+00:00,87.95600128173828,87.95600128173828,87.97799682617188,87.35800170898438,87.97799682617188,0
2023-09-28 00:00:00+00:00,87.39299774169922,87.39299774169922,87.86000061035156,87.21499633789062,87.39299774169922,0
2023-09-29 00:00:00+00:00,87.7979965209961,87.7979965209961,88.10199737548828,87.73899841308594,87.80899810791016,0
2023-10-02 00:00:00+00:00,87.10299682617188,87.10299682617188,88.0009994506836,87.10299682617188,87.10299682617188,0
2023-10-03 00:00:00+00:00,87.11699676513672,87.11699676513672,87.20099639892578,86.8759994506836,87.11699676513672,0
2023-10-04 00:00:00+00:00,87.05500030517578,87.05500030517578,87.59100341796875,86.95800018310547,87.05400085449219,0
2023-10-05 00:00:00+00:00,87.41799926757812,87.41799926757812,88.9020004272461,87.31800079345703,87.41799926757812,0
2023-10-06 00:00:00+00:00,87.83000183105469,87.83000183105469,88.0009994506836,87.22799682617188,87.83200073242188,0
2023-10-09 00:00:00+00:00,87.93000030517578,87.93000030517578,87.88400268554688,86.847900390625,86.847900390625,0
2023-10-10 00:00:00+00:00,88.01300048828125,88.01300048828125,88.21600341796875,87.76000213623047,88.0250015258789,0
2023-10-11 00:00:00+00:00,88.197998046875,88.197998046875,88.30799865722656,88.04199981689453,88.29499816894531,0
2023-10-12 00:00:00+00:00,88.31900024414062,88.31900024414062,88.39299774169922,87.72599792480469,88.22200012207031,0
2023-10-13 00:00:00+00:00,87.64600372314453,87.64600372314453,87.80599975585938,87.30999755859375,87.63899993896484,0
2023-10-16 00:00:00+00:00,86.55819702148438,86.55819702148438,87.72899627685547,86.55819702148438,86.55819702148438,0
2023-10-17 00:00:00+00:00,87.7490005493164,87.7490005493164,88.0790023803711,85.97599792480469,86.70700073242188,0
2023-10-18 00:00:00+00:00,87.947998046875,87.947998046875,88.11599731445312,87.59700012207031,87.9540023803711,0
2023-10-19 00:00:00+00:00,87.64199829101562,87.64199829101562,87.87999725341797,87.23500061035156,87.61199951171875,0
2023-10-20 00:00:00+00:00,87.9010009765625,87.9010009765625,88.03700256347656,87.69000244140625,87.91000366210938,0
2023-10-23 00:00:00+00:00,88.04199981689453,88.04199981689453,88.37999725341797,86.98670196533203,86.98670196533203,0
2023-10-24 00:00:00+00:00,88.48400115966797,88.48400115966797,88.69999694824219,87.81099700927734,88.48400115966797,0
2023-10-25 00:00:00+00:00,87.85800170898438,87.85800170898438,88.0790023803711,85.97000122070312,87.85800170898438,0
2023-10-26 00:00:00+00:00,87.94200134277344,87.94200134277344,87.80599975585938,87.55799865722656,87.79399871826172,0
2023-10-27 00:00:00+00:00,87.9000015258789,87.9000015258789,88.16300201416016,87.62000274658203,87.90799713134766,0
2023-10-30 00:00:00+00:00,86.85800170898438,86.85800170898438,88.39600372314453,86.85800170898438,86.85800170898438,0
2023-10-31 00:00:00+00:00,88.28600311279297,88.28600311279297,88.73400115966797,87.9219970703125,88.28900146484375,0
2023-11-01 00:00:00+00:00,87.98300170898438,87.98300170898438,88.02100372314453,87.56099700927734,87.98300170898438,0
2023-11-02 00:00:00+00:00,88.0469970703125,88.0469970703125,88.6719970703125,88.02799987792969,88.072998046875,0
2023-11-03 00:00:00+00:00,88.29399871826172,88.29399871826172,89.18599700927734,88.28800201416016,88.29100036621094,0
2023-11-06 00:00:00+00:00,89.10900115966797,89.10900115966797,89.41000366210938,87.61080169677734,87.61080169677734,0
2023-11-07 00:00:00+00:00,89.12200164794922,89.12200164794922,89.12999725341797,88.72699737548828,89.12999725341797,0
2023-11-08 00:00:00+00:00,88.94999694824219,88.94999694824219,89.09400177001953,88.68499755859375,88.93000030517578,0
2023-11-09 00:00:00+00:00,89.05000305175781,89.05000305175781,89.22000122070312,88.8949966430664,89.072998046875,0
2023-11-10 00:00:00+00:00,88.73799896240234,88.73799896240234,89.03700256347656,88.71700286865234,88.73100280761719,0
2023-11-13 00:00:00+00:00,87.9352035522461,87.9352035522461,89.06600189208984,87.9352035522461,87.9352035522461,0
2023-11-14 00:00:00+00:00,88.94000244140625,88.94000244140625,90.02799987792969,88.8290023803711,88.93099975585938,0
2023-11-15 00:00:00+00:00,90.16600036621094,90.16600036621094,90.35900115966797,90.01399993896484,90.16600036621094,0
2023-11-16 00:00:00+00:00,90.1259994506836,90.1259994506836,90.572998046875,89.99500274658203,90.1259994506836,0
2023-11-17 00:00:00+00:00,90.13099670410156,90.13099670410156,92.00900268554688,90.06700134277344,92.00900268554688,0
2023-11-20 00:00:00+00:00,89.47319793701172,89.47319793701172,91.14399719238281,89.47319793701172,89.47319793701172,0
2023-11-21 00:00:00+00:00,91.11799621582031,91.11799621582031,91.322998046875,90.88200378417969,91.11799621582031,0
2023-11-22 00:00:00+00:00,90.82599639892578,90.82599639892578,90.90299987792969,90.36599731445312,90.82599639892578,0
2023-11-23 00:00:00+00:00,90.88300323486328,90.88300323486328,90.97899627685547,90.49700164794922,90.89399719238281,0
2023-11-24 00:00:00+00:00,90.8030014038086,90.8030014038086,91.1500015258789,90.72100067138672,90.8030014038086,0
2023-11-27 00:00:00+00:00,91.0979995727539,91.0979995727539,91.30899810791016,89.9832992553711,89.9832992553711,0
2023-11-28 00:00:00+00:00,91.19599914550781,91.19599914550781,91.6510009765625,91.08399963378906,91.19599914550781,0
2023-11-29 00:00:00+00:00,91.56300354003906,91.56300354003906,91.7300033569336,91.26899719238281,91.56300354003906,0
2023-11-30 00:00:00+00:00,91.21399688720703,91.21399688720703,91.45999908447266,90.78600311279297,91.20800018310547,0
2023-12-01 00:00:00+00:00,90.6510009765625,90.6510009765625,90.87999725341797,90.16799926757812,90.68299865722656,0
2023-12-04 00:00:00+00:00,89.74700164794922,89.74700164794922,90.78800201416016,89.74700164794922,89.74700164794922,0
2023-12-05 00:00:00+00:00,90.302001953125,90.302001953125,90.36499786376953,89.80799865722656,90.3219985961914,0
2023-12-06 00:00:00+00:00,89.86199951171875,89.86199951171875,89.947998046875,89.71600341796875,89.86000061035156,0
2023-12-07 00:00:00+00:00,89.66699981689453,89.66699981689453,89.90699768066406,89.5459976196289,89.55500030517578,0
2023-12-08 00:00:00+00:00,89.87200164794922,89.87200164794922,89.9540023803711,89.47200012207031,89.87999725341797,0
2023-12-11 00:00:00+00:00,88.90950012207031,88.90950012207031,89.95050048828125,88.90950012207031,88.90950012207031,0
2023-12-12 00:00:00+00:00,89.62999725341797,89.62999725341797,90.12100219726562,89.6259994506836,89.62999725341797,0
2023-12-13 00:00:00+00:00,89.96800231933594,89.96800231933594,90.03399658203125,89.7969970703125,89.96399688720703,0
2023-12-14 00:00:00+00:00,90.55699920654297,90.55699920654297,91.56999969482422,90.54499816894531,90.56999969482422,0
2023-12-15 00:00:00+00:00,91.48699951171875,91.48699951171875,91.58100128173828,90.43399810791016,91.48799896240234,0
2023-12-18 00:00:00+00:00,90.04139709472656,90.04139709472656,90.78299713134766,90.04139709472656,90.04139709472656,0
2023-12-19 00:00:00+00:00,90.67400360107422,90.67400360107422,91.21399688720703,90.6500015258789,90.6709976196289,0
2023-12-20 00:00:00+00:00,91.14900207519531,91.14900207519531,91.1969985961914,90.89600372314453,91.14199829101562,0
2023-12-21 00:00:00+00:00,90.95899963378906,90.95899963378906,91.47799682617188,90.92400360107422,90.95899963378906,0
2023-12-22 00:00:00+00:00,91.31700134277344,91.31700134277344,91.68599700927734,91.3239974975586,91.3239974975586,0
2023-12-25 00:00:00+00:00,90.67019653320312,90.67019653320312,91.51499938964844,90.67019653320312,90.67019653320312,0
2023-12-26 00:00:00+00:00,90.67019653320312,90.67019653320312,91.51499938964844,90.67019653320312,90.67019653320312,0
2023-12-27 00:00:00+00:00,90.67019653320312,90.67019653320312,92.52200317382812,90.67019653320312,90.67019653320312,0
2023-12-28 00:00:00+00:00,92.41500091552734,92.41500091552734,92.5780029296875,92.00800323486328,92.41500091552734,0
2023-12-29 00:00:00+00:00,91.89700317382812,91.89700317382812,92.12300109863281,91.84600067138672,91.9540023803711,0
2024-01-01 00:00:00+00:00,91.79000091552734,91.79000091552734,91.14199829101562,91.14199829101562,91.14199829101562,0
2024-01-02 00:00:00+00:00,91.14199829101562,91.14199829101562,91.91100311279297,91.06099700927734,91.14199829101562,0
2024-01-03 00:00:00+00:00,91.05799865722656,91.05799865722656,91.30999755859375,90.72599792480469,91.06199645996094,0
2024-01-04 00:00:00+00:00,90.9800033569336,90.9800033569336,91.22699737548828,90.86000061035156,90.8949966430664,0
2024-01-05 00:00:00+00:00,91.03600311279297,91.03600311279297,91.29100036621094,90.45500183105469,91.0469970703125,0
2024-01-08 00:00:00+00:00,89.75569915771484,89.75569915771484,91.08399963378906,89.75569915771484,89.75569915771484,0
2024-01-09 00:00:00+00:00,90.85800170898438,90.85800170898438,91.00299835205078,90.62100219726562,90.85900115966797,0
2024-01-10 00:00:00+00:00,90.8030014038086,90.8030014038086,90.98899841308594,90.66799926757812,90.84400177001953,0
2024-01-11 00:00:00+00:00,91.04100036621094,91.04100036621094,91.1500015258789,90.73200225830078,91.0270004272461,0
2024-01-12 00:00:00+00:00,91.14399719238281,91.14399719238281,91.18900299072266,90.62000274658203,91.15899658203125,0
2024-01-15 00:00:00+00:00,90.66300201416016,90.66300201416016,90.71700286865234,89.78510284423828,89.78510284423828,0
2024-01-16 00:00:00+00:00,90.64800262451172,90.64800262451172,90.64099884033203,90.21800231933594,90.63800048828125,0
2024-01-17 00:00:00+00:00,90.31300354003906,90.31300354003906,90.41200256347656,90.1449966430664,90.31300354003906,0
2024-01-18 00:00:00+00:00,90.44200134277344,90.44200134277344,90.58999633789062,90.1510009765625,90.3489990234375,0
2024-01-19 00:00:00+00:00,90.38600158691406,90.38600158691406,90.4739990234375,90.25199890136719,90.40499877929688,0
2024-01-22 00:00:00+00:00,89.43720245361328,89.43720245361328,90.60299682617188,89.43720245361328,89.43720245361328,0
2024-01-23 00:00:00+00:00,90.30599975585938,90.30599975585938,90.61299896240234,89.89399719238281,90.30699920654297,0
2024-01-24 00:00:00+00:00,90.28299713134766,90.28299713134766,90.73899841308594,90.16600036621094,90.2770004272461,0
2024-01-25 00:00:00+00:00,90.34600067138672,90.34600067138672,90.51100158691406,89.89099884033203,90.33300018310547,0
2024-01-26 00:00:00+00:00,90.0999984741211,90.0999984741211,90.37000274658203,89.82499694824219,90.09100341796875,0
2024-01-29 00:00:00+00:00,90.1240005493164,90.1240005493164,90.11599731445312,89.30599975585938,89.30599975585938,0
2024-01-30 00:00:00+00:00,90.0250015258789,90.0250015258789,90.14099884033203,89.79499816894531,90.06500244140625,0
2024-01-31 00:00:00+00:00,90.04900360107422,90.04900360107422,90.30000305175781,89.66300201416016,90.04900360107422,0
2024-02-01 00:00:00+00:00,89.61799621582031,89.61799621582031,90.0479965209961,89.38600158691406,89.6240005493164,0
2024-02-02 00:00:00+00:00,90.08399963378906,90.08399963378906,90.27300262451172,89.43800354003906,90.08999633789062,0
2024-02-05 00:00:00+00:00,89.21820068359375,89.21820068359375,89.48200225830078,89.01300048828125,89.21820068359375,0
2024-02-06 00:00:00+00:00,89.12100219726562,89.12100219726562,89.29199981689453,88.98799896240234,89.12100219726562,0
2024-02-07 00:00:00+00:00,89.26100158691406,89.26100158691406,89.3949966430664,89.17400360107422,89.26100158691406,0
2024-02-08 00:00:00+00:00,89.4010009765625,89.4010009765625,89.45800018310547,89.0790023803711,89.40699768066406,0
2024-02-09 00:00:00+00:00,89.27799987792969,89.27799987792969,89.52999877929688,89.2760009765625,89.28900146484375,0
2024-02-12 00:00:00+00:00,89.44400024414062,89.44400024414062,89.59400177001953,88.41840362548828,88.41840362548828,0
2024-02-13 00:00:00+00:00,89.30999755859375,89.30999755859375,89.51100158691406,88.84300231933594,89.35800170898438,0
2024-02-14 00:00:00+00:00,88.86199951171875,88.86199951171875,89.03299713134766,88.73300170898438,88.86199951171875,0
2024-02-15 00:00:00+00:00,89.03600311279297,89.03600311279297,89.44000244140625,88.93000030517578,88.98699951171875,0
2024-02-16 00:00:00+00:00,89.35700225830078,89.35700225830078,89.41100311279297,89.0469970703125,89.34700012207031,0
2024-02-19 00:00:00+00:00,89.37799835205078,89.37799835205078,89.46099853515625,88.4613037109375,88.4613037109375,0
2024-02-20 00:00:00+00:00,89.40299987792969,89.40299987792969,89.79000091552734,89.25499725341797,89.4020004272461,0
2024-02-21 00:00:00+00:00,89.47799682617188,89.47799682617188,89.625,89.4209976196289,89.4739990234375,0
2024-02-22 00:00:00+00:00,89.67500305175781,89.67500305175781,90.14399719238281,89.47599792480469,89.68299865722656,0
2024-02-23 00:00:00+00:00,89.61100006103516,89.61100006103516,89.78800201416016,89.54499816894531,89.61799621582031,0
2024-02-26 00:00:00+00:00,89.61100006103516,89.61100006103516,89.91999816894531,88.99230194091797,88.99230194091797,0
2024-02-27 00:00:00+00:00,89.81300354003906,89.81300354003906,89.9800033569336,89.68499755859375,89.81300354003906,0
2024-02-28 00:00:00+00:00,89.8239974975586,89.8239974975586,89.8550033569336,89.48100280761719,89.81700134277344,0
2024-02-29 00:00:00+00:00,89.77799987792969,89.77799987792969,89.91899871826172,89.48300170898438,89.78399658203125,0
2024-03-01 00:00:00+00:00,89.5270004272461,89.5270004272461,89.76499938964844,89.42500305175781,89.53199768066406,0
2024-03-04 00:00:00+00:00,89.70899963378906,89.70899963378906,90.00299835205078,88.68000030517578,88.68000030517578,0
2024-03-05 00:00:00+00:00,89.93099975585938,89.93099975585938,90.0199966430664,89.447998046875,89.93099975585938,0
2024-03-06 00:00:00+00:00,89.927001953125,89.927001953125,90.30799865722656,89.92400360107422,89.927001953125,0
2024-03-07 00:00:00+00:00,90.2760009765625,90.2760009765625,90.40599822998047,89.81600189208984,90.24700164794922,0
2024-03-08 00:00:00+00:00,90.5979995727539,90.5979995727539,90.68699645996094,90.2969970703125,90.60399627685547,0
2024-03-11 00:00:00+00:00,90.4260025024414,90.4260025024414,90.51000213623047,89.40399932861328,89.40399932861328,0
2024-03-12 00:00:00+00:00,90.4010009765625,90.4010009765625,90.46800231933594,90.19400024414062,90.39800262451172,0
2024-03-13 00:00:00+00:00,90.37999725341797,90.37999725341797,90.60600280761719,90.35800170898438,90.37999725341797,0
2024-03-14 00:00:00+00:00,90.65599822998047,90.65599822998047,90.66600036621094,90.18000030517578,90.66500091552734,0
2024-03-15 00:00:00+00:00,90.1709976196289,90.1709976196289,90.25900268554688,90.06900024414062,90.13999938964844,0
2024-03-18 00:00:00+00:00,89.3010025024414,89.3010025024414,90.33300018310547,89.3010025024414,89.3010025024414,0
2024-03-19 00:00:00+00:00,89.98200225830078,89.98200225830078,90.16500091552734,89.89800262451172,90.0270004272461,0
2024-03-20 00:00:00+00:00,90.12899780273438,90.12899780273438,90.24299621582031,90.0260009765625,90.09300231933594,0
2024-03-21 00:00:00+00:00,90.71299743652344,90.71299743652344,90.85600280761719,90.24600219726562,90.69000244140625,0
2024-03-22 00:00:00+00:00,90.34100341796875,90.34100341796875,90.49400329589844,90.00499725341797,90.3499984741211,0
2024-03-25 00:00:00+00:00,90.25299835205078,90.25299835205078,90.35199737548828,89.45600128173828,89.45600128173828,0
2024-03-26 00:00:00+00:00,90.3280029296875,90.3280029296875,90.41500091552734,90.14199829101562,90.3280029296875,0
2024-03-27 00:00:00+00:00,90.10199737548828,90.10199737548828,90.28900146484375,90.01100158691406,90.18399810791016,0
2024-03-28 00:00:00+00:00,90.06500244140625,90.06500244140625,90.18299865722656,89.7760009765625,90.06800079345703,0
2024-03-29 00:00:00+00:00,89.86399841308594,89.86399841308594,89.86799621582031,88.91960144042969,89.86399841308594,0
2024-04-01 00:00:00+00:00,89.86799621582031,89.86799621582031,88.91960144042969,88.91960144042969,88.91960144042969,0
2024-04-02 00:00:00+00:00,88.91960144042969,88.91960144042969,89.75299835205078,88.91960144042969,88.91960144042969,0
2024-04-03 00:00:00+00:00,89.66200256347656,89.66200256347656,90.3740005493164,89.66100311279297,89.66100311279297,0
2024-04-04 00:00:00+00:00,90.11799621582031,90.11799621582031,90.61499786376953,90.322998046875,90.3479995727539,0
2024-04-05 00:00:00+00:00,90.33100128173828,90.33100128173828,90.38200378417969,89.9010009765625,90.33100128173828,0
2024-04-08 00:00:00+00:00,89.23760223388672,89.23760223388672,90.32499694824219,89.23760223388672,89.23760223388672,0
2024-04-09 00:00:00+00:00,90.36699676513672,90.36699676513672,90.46499633789062,90.2040023803711,90.36799621582031,0
2024-04-10 00:00:00+00:00,90.26899719238281,90.26899719238281,90.3290023803711,89.41799926757812,90.25,0
2024-04-11 00:00:00+00:00,89.52899932861328,89.52899932861328,89.55799865722656,89.125,89.51699829101562,0
2024-04-12 00:00:00+00:00,89.30699920654297,89.30699920654297,89.35099792480469,88.71399688720703,89.30699920654297,0
2024-04-15 00:00:00+00:00,88.88899993896484,88.88899993896484,88.90499877929688,87.78250122070312,87.78250122070312,0
2024-04-16 00:00:00+00:00,88.64399719238281,88.64399719238281,88.9749984741211,88.4540023803711,88.65899658203125,0
2024-04-17 00:00:00+00:00,88.77899932861328,88.77899932861328,89.01300048828125,88.7239990234375,88.75700378417969,0
2024-04-18 00:00:00+00:00,89.10700225830078,89.10700225830078,89.19499969482422,88.91000366210938,89.10099792480469,0
2024-04-19 00:00:00+00:00,88.86199951171875,88.86199951171875,89.01399993896484,88.69100189208984,88.87899780273438,0
2024-04-22 00:00:00+00:00,87.87940216064453,87.87940216064453,88.91799926757812,87.87940216064453,87.87940216064453,0
2024-04-23 00:00:00+00:00,88.74500274658203,88.74500274658203,89.12100219726562,88.62699890136719,88.75299835205078,0
2024-04-24 00:00:00+00:00,89.05000305175781,89.05000305175781,89.15599822998047,88.90799713134766,89.06099700927734,0
2024-04-25 00:00:00+00:00,89.08999633789062,89.08999633789062,89.35900115966797,88.93199920654297,89.09600067138672,0
2024-04-26 00:00:00+00:00,89.28500366210938,89.28500366210938,89.50900268554688,88.9530029296875,89.25900268554688,0
2024-04-29 00:00:00+00:00,89.09600067138672,89.09600067138672,89.44499969482422,88.38939666748047,88.38939666748047,0
2024-04-30 00:00:00+00:00,89.34400177001953,89.34400177001953,89.48100280761719,89.10099792480469,89.3499984741211,0
2024-05-01 00:00:00+00:00,88.98300170898438,88.98300170898438,88.98300170898438,88.53690338134766,88.98300170898438,0
2024-05-02 00:00:00+00:00,88.97799682617188,88.97799682617188,89.43000030517578,88.53690338134766,88.97799682617188,0
2024-05-03 00:00:00+00:00,89.35399627685547,89.35399627685547,89.99199676513672,89.30500030517578,89.33999633789062,0
2024-05-06 00:00:00+00:00,88.65499877929688,88.65499877929688,90.01899719238281,88.65499877929688,88.65499877929688,0
2024-05-07 00:00:00+00:00,89.78900146484375,89.78900146484375,89.9520034790039,89.71800231933594,89.79499816894531,0
2024-05-08 00:00:00+00:00,89.64900207519531,89.64900207519531,89.7229995727539,89.57499694824219,89.65399932861328,0
2024-05-09 00:00:00+00:00,89.62200164794922,89.62200164794922,89.88999938964844,89.47899627685547,89.60700225830078,0
2024-05-10 00:00:00+00:00,89.91300201416016,89.91300201416016,90.03199768066406,89.7979965209961,89.91799926757812,0
2024-05-13 00:00:00+00:00,89.00469970703125,89.00469970703125,90.13800048828125,89.00469970703125,89.00469970703125,0
2024-05-14 00:00:00+00:00,90.0530014038086,90.0530014038086,90.30500030517578,89.9000015258789,90.05400085449219,0
2024-05-15 00:00:00+00:00,90.25700378417969,90.25700378417969,90.6449966430664,90.23100280761719,90.25800323486328,0
2024-05-16 00:00:00+00:00,90.72599792480469,90.72599792480469,90.81900024414062,90.5459976196289,90.71399688720703,0
2024-05-17 00:00:00+00:00,90.62799835205078,90.62799835205078,90.63800048828125,90.24600219726562,90.63800048828125,0
2024-05-20 00:00:00+00:00,89.31079864501953,89.31079864501953,90.552001953125,89.31079864501953,89.31079864501953,0
2024-05-21 00:00:00+00:00,90.39399719238281,90.39399719238281,90.50599670410156,90.2300033569336,90.39399719238281,0
2024-05-22 00:00:00+00:00,90.3550033569336,90.3550033569336,90.4000015258789,90.072998046875,90.34100341796875,0
2024-05-23 00:00:00+00:00,90.052001953125,90.052001953125,90.31999969482422,89.94100189208984,90.05699920654297,0
2024-05-24 00:00:00+00:00,89.99299621582031,89.99299621582031,90.12300109863281,89.77400207519531,89.99299621582031,0
2024-05-27 00:00:00+00:00,89.10479736328125,89.10479736328125,90.24500274658203,89.10479736328125,89.10479736328125,0
2024-05-28 00:00:00+00:00,90.21099853515625,90.21099853515625,90.50199890136719,90.20700073242188,90.21600341796875,0
2024-05-29 00:00:00+00:00,90.15899658203125,90.15899658203125,90.45800018310547,90.0199966430664,90.16999816894531,0
2024-05-30 00:00:00+00:00,90.01599884033203,90.01599884033203,90.26100158691406,89.39080047607422,90.01599884033203,0
2024-05-31 00:00:00+00:00,90.15699768066406,90.15699768066406,90.6449966430664,89.96900177001953,90.08699798583984,0
2024-06-03 00:00:00+00:00,90.4280014038086,90.4280014038086,90.43099975585938,89.56500244140625,89.56500244140625,0
2024-06-04 00:00:00+00:00,90.53399658203125,90.53399658203125,90.9540023803711,90.53399658203125,90.53399658203125,0
2024-06-05 00:00:00+00:00,90.92400360107422,90.92400360107422,92.61100006103516,90.48699951171875,90.9749984741211,0
2024-06-06 00:00:00+00:00,90.46600341796875,90.46600341796875,90.90899658203125,90.47599792480469,90.59400177001953,0
2024-06-07 00:00:00+00:00,90.83699798583984,90.83699798583984,90.89800262451172,90.13700103759766,90.83000183105469,0
2024-06-10 00:00:00+00:00,89.84420013427734,89.84420013427734,89.84420013427734,89.5719985961914,89.84420013427734,0
2024-06-11 00:00:00+00:00,89.87100219726562,89.87100219726562,89.89700317382812,89.52899932861328,89.83000183105469,0
2024-06-12 00:00:00+00:00,89.71700286865234,89.71700286865234,90.48300170898438,89.63400268554688,89.7030029296875,0
2024-06-13 00:00:00+00:00,90.24500274658203,90.24500274658203,90.27899932861328,89.75800323486328,90.22799682617188,0
2024-06-14 00:00:00+00:00,89.60900115966797,89.60900115966797,89.70500183105469,89.05000305175781,89.61000061035156,0
2024-06-17 00:00:00+00:00,88.37229919433594,88.37229919433594,89.50399780273438,88.37229919433594,88.37229919433594,0
2024-06-18 00:00:00+00:00,89.62999725341797,89.62999725341797,89.62999725341797,89.2760009765625,89.625,0
2024-06-19 00:00:00+00:00,89.4540023803711,89.4540023803711,89.64700317382812,89.38400268554688,89.46199798583984,0
2024-06-20 00:00:00+00:00,89.61100006103516,89.61100006103516,89.66699981689453,89.44100189208984,89.59100341796875,0
2024-06-21 00:00:00+00:00,89.39700317382812,89.39700317382812,89.56999969482422,89.10700225830078,89.38999938964844,0
2024-06-24 00:00:00+00:00,88.19149780273438,88.19149780273438,89.5790023803711,88.19149780273438,88.19149780273438,0
2024-06-25 00:00:00+00:00,89.51799774169922,89.51799774169922,89.56900024414062,89.10399627685547,89.51699829101562,0
2024-06-26 00:00:00+00:00,89.24800109863281,89.24800109863281,89.3479995727539,89.05400085449219,89.26200103759766,0
2024-06-27 00:00:00+00:00,89.18000030517578,89.18000030517578,89.4280014038086,89.08899688720703,89.17400360107422,0
2024-06-28 00:00:00+00:00,89.29299926757812,89.29299926757812,89.31800079345703,89.05599975585938,89.29399871826172,0
2024-07-01 00:00:00+00:00,89.22899627685547,89.22899627685547,89.80699920654297,88.23500061035156,88.23500061035156,0
2024-07-02 00:00:00+00:00,89.51000213623047,89.51000213623047,89.60299682617188,89.36000061035156,89.52400207519531,0
2024-07-03 00:00:00+00:00,89.64800262451172,89.64800262451172,90.17500305175781,89.5989990234375,89.6500015258789,0
2024-07-04 00:00:00+00:00,90.01699829101562,90.01699829101562,90.23400115966797,89.98799896240234,90.03800201416016,0
2024-07-05 00:00:00+00:00,90.18399810791016,90.18399810791016,90.41500091552734,90.19499969482422,90.1989974975586,0
2024-07-08 00:00:00+00:00,89.40899658203125,89.40899658203125,90.45500183105469,89.40899658203125,89.40899658203125,0
2024-07-09 00:00:00+00:00,90.3010025024414,90.3010025024414,90.35199737548828,90.13800048828125,90.31700134277344,0
2024-07-10 00:00:00+00:00,90.22000122070312,90.22000122070312,90.33100128173828,90.18800354003906,90.21700286865234,0
2024-07-11 00:00:00+00:00,90.37100219726562,90.37100219726562,90.91999816894531,89.37999725341797,90.3759994506836,0
2024-07-12 00:00:00+00:00,90.74299621582031,90.74299621582031,91.03199768066406,90.65699768066406,90.75599670410156,0
2024-07-15 00:00:00+00:00,89.96119689941406,89.96119689941406,91.22200012207031,89.96119689941406,89.96119689941406,0
2024-07-16 00:00:00+00:00,91.00299835205078,91.00299835205078,91.0719985961914,90.7969970703125,90.99199676513672,0
2024-07-17 00:00:00+00:00,90.9990005493164,90.9990005493164,91.39900207519531,90.9489974975586,91.01599884033203,0
2024-07-18 00:00:00+00:00,91.35099792480469,91.35099792480469,91.41899871826172,91.11399841308594,91.34700012207031,0
2024-07-19 00:00:00+00:00,91.11799621582031,91.11799621582031,91.11799621582031,90.90499877929688,91.11799621582031,0
2024-07-22 00:00:00+00:00,90.05840301513672,90.05840301513672,91.0770034790039,90.05840301513672,90.05840301513672,0
2024-07-23 00:00:00+00:00,91.052001953125,91.052001953125,91.06099700927734,90.6760025024414,91.0469970703125,0
2024-07-24 00:00:00+00:00,90.73799896240234,90.73799896240234,90.89199829101562,90.53500366210938,90.73600006103516,0
2024-07-25 00:00:00+00:00,90.68399810791016,90.68399810791016,91.05000305175781,90.57499694824219,90.677001953125,0
2024-07-26 00:00:00+00:00,90.77400207519531,90.77400207519531,90.90399932861328,90.69100189208984,90.78900146484375,0
2024-07-29 00:00:00+00:00,89.8906021118164,89.8906021118164,90.87699890136719,89.8906021118164,89.8906021118164,0
2024-07-30 00:00:00+00:00,90.53600311279297,90.53600311279297,90.63500213623047,90.3280029296875,90.54299926757812,0
2024-07-31 00:00:00+00:00,90.5739974975586,90.5739974975586,90.70800018310547,90.41600036621094,90.56500244140625,0
2024-08-01 00:00:00+00:00,90.48799896240234,90.48799896240234,90.61299896240234,90.16600036621094,90.5250015258789,0
2024-08-02 00:00:00+00:00,90.2770004272461,90.2770004272461,91.4520034790039,90.19300079345703,90.21199798583984,0
2024-08-05 00:00:00+00:00,91.33599853515625,91.33599853515625,92.52300262451172,89.625,89.625,0
2024-08-06 00:00:00+00:00,91.9020004272461,91.9020004272461,92.01399993896484,91.4280014038086,91.96700286865234,0
2024-08-07 00:00:00+00:00,91.62699890136719,91.62699890136719,91.68299865722656,91.4520034790039,91.625,0
2024-08-08 00:00:00+00:00,91.625,91.625,91.80599975585938,91.2969970703125,91.55699920654297,0
2024-08-09 00:00:00+00:00,91.60600280761719,91.60600280761719,91.7030029296875,91.51899719238281,91.59100341796875,0
2024-08-12 00:00:00+00:00,91.55799865722656,91.55799865722656,91.74199676513672,90.64019775390625,90.64019775390625,0
2024-08-13 00:00:00+00:00,91.67400360107422,91.67400360107422,91.9489974975586,91.56500244140625,91.6729965209961,0
2024-08-14 00:00:00+00:00,92.15899658203125,92.15899658203125,92.65299987792969,92.1240005493164,92.15399932861328,0
2024-08-15 00:00:00+00:00,92.39700317382812,92.39700317382812,92.427001953125,91.87799835205078,92.38600158691406,0
2024-08-16 00:00:00+00:00,92.09500122070312,92.09500122070312,92.25399780273438,91.43199920654297,92.09500122070312,0
2024-08-19 00:00:00+00:00,92.40499877929688,92.40499877929688,92.77899932861328,91.29070281982422,91.29070281982422,0
2024-08-20 00:00:00+00:00,92.9800033569336,92.9800033569336,93.0,91.8573989868164,92.96399688720703,0
2024-08-21 00:00:00+00:00,93.20800018310547,93.20800018310547,93.41999816894531,93.08100128173828,93.20700073242188,0
2024-08-22 00:00:00+00:00,93.48100280761719,93.48100280761719,93.58399963378906,93.10600280761719,93.49500274658203,0
2024-08-23 00:00:00+00:00,93.23799896240234,93.23799896240234,93.75,93.09100341796875,93.22200012207031,0
2024-08-26 00:00:00+00:00,92.28009796142578,92.28009796142578,93.7490005493164,92.28009796142578,92.28009796142578,0
2024-08-27 00:00:00+00:00,93.572998046875,93.572998046875,93.74700164794922,93.50499725341797,93.5270004272461,0
2024-08-28 00:00:00+00:00,93.72200012207031,93.72200012207031,93.75,93.16000366210938,93.70099639892578,0
2024-08-29 00:00:00+00:00,93.29900360107422,93.29900360107422,93.37000274658203,92.65499877929688,93.31500244140625,0
2024-08-30 00:00:00+00:00,92.87799835205078,92.87799835205078,92.9520034790039,92.62000274658203,92.86799621582031,0
2024-09-02 00:00:00+00:00,92.58799743652344,92.58799743652344,92.87000274658203,91.90989685058594,91.90989685058594,0
2024-09-03 00:00:00+00:00,92.8010025024414,92.8010025024414,92.85299682617188,92.55799865722656,92.79000091552734,0
2024-09-04 00:00:00+00:00,92.6780014038086,92.6780014038086,93.08899688720703,92.63800048828125,92.68800354003906,0
2024-09-05 00:00:00+00:00,92.97200012207031,92.97200012207031,93.29499816894531,92.90899658203125,92.97200012207031,0
2024-09-06 00:00:00+00:00,93.23999786376953,93.23999786376953,93.48699951171875,92.82499694824219,93.24099731445312,0
2024-09-09 00:00:00+00:00,93.02100372314453,93.02100372314453,92.88200378417969,92.31600189208984,92.31600189208984,0
2024-09-10 00:00:00+00:00,92.57499694824219,92.57499694824219,93.06600189208984,92.4229965209961,92.58699798583984,0
2024-09-11 00:00:00+00:00,92.46700286865234,92.46700286865234,92.76399993896484,92.33300018310547,92.45700073242188,0
2024-09-12 00:00:00+00:00,92.40299987792969,92.40299987792969,92.63500213623047,92.35199737548828,92.40899658203125,0
2024-09-13 00:00:00+00:00,92.92400360107422,92.92400360107422,93.05899810791016,92.83799743652344,92.93199920654297,0
2024-09-16 00:00:00+00:00,92.04499816894531,92.04499816894531,93.29199981689453,92.04499816894531,92.04499816894531,0
2024-09-17 00:00:00+00:00,93.26399993896484,93.26399993896484,93.2979965209961,93.04100036621094,93.28900146484375,0
2024-09-18 00:00:00+00:00,93.10399627685547,93.10399627685547,93.19100189208984,92.89099884033203,93.09100341796875,0
2024-09-19 00:00:00+00:00,92.9280014038086,92.9280014038086,93.45899963378906,92.61100006103516,92.93499755859375,0
2024-09-20 00:00:00+00:00,93.20800018310547,93.20800018310547,93.31500244140625,92.9229965209961,93.22000122070312,0
2024-09-23 00:00:00+00:00,93.11000061035156,93.11000061035156,93.2020034790039,92.2667007446289,92.2667007446289,0
2024-09-24 00:00:00+00:00,92.75399780273438,92.75399780273438,93.24800109863281,92.6719970703125,92.7750015258789,0
2024-09-25 00:00:00+00:00,93.43800354003906,93.43800354003906,93.62799835205078,93.08300018310547,93.49099731445312,0
2024-09-26 00:00:00+00:00,93.0009994506836,93.0009994506836,93.46700286865234,92.99400329589844,92.99500274658203,0
2024-09-27 00:00:00+00:00,93.36799621582031,93.36799621582031,93.62999725341797,93.03700256347656,93.37100219726562,0
